Sr_no,Title
0,Fireflies Festival
1,Kajwa Mahotsav
2,8 Interesting facts to know before joining “Kajwa Mahotsav 2019”
3,Fireflies Festival
4,Kajwa Mahotsav
5,8 Interesting facts to know before joining “Kajwa Mahotsav 2019”
6,Fireflies Festival
7,Kajwa Mahotsav
8,8 Interesting facts to know before joining “Kajwa Mahotsav 2019”
9,Fireflies Festival
10,Kajwa Mahotsav
11,8 Interesting facts to know before joining “Kajwa Mahotsav 2019”
12,Fireflies Festival
13,Kajwa Mahotsav
14,8 Interesting facts to know before joining “Kajwa Mahotsav 2019”
15,Fireflies Festival
16,Kajwa Mahotsav
17,8 Interesting facts to know before joining “Kajwa Mahotsav 2019”
18,Fireflies Festival
19,Kajwa Mahotsav
20,8 Interesting facts to know before joining “Kajwa Mahotsav 2019”
21,Fireflies Festival
22,Kajwa Mahotsav
23,8 Interesting facts to know before joining “Kajwa Mahotsav 2019”
24,Fireflies Festival
25,Kajwa Mahotsav
26,8 Interesting facts to know before joining “Kajwa Mahotsav 2019”
27,Fireflies Festival
28,Kajwa Mahotsav
29,8 Interesting facts to know before joining “Kajwa Mahotsav 2019”
30,Fireflies Festival
31,Kajwa Mahotsav
32,8 Interesting facts to know before joining “Kajwa Mahotsav 2019”
33,Fireflies Festival
34,Kajwa Mahotsav
35,8 Interesting facts to know before joining “Kajwa Mahotsav 2019”
36,Fireflies Festival
37,Kajwa Mahotsav
38,8 Interesting facts to know before joining “Kajwa Mahotsav 2019”
39,Fireflies Festival
40,Kajwa Mahotsav
41,8 Interesting facts to know before joining “Kajwa Mahotsav 2019”
42,Kajwa mahotsav - Bhandardara Fireflies Festival Camping 2019
43,Kajwa mahotsav - Bhandardara Fireflies Festival Camping 2019
44,Kajwa mahotsav - Bhandardara Fireflies Festival Camping 2019
45,Kajwa mahotsav - Bhandardara Fireflies Festival Camping 2019
46,Kajwa mahotsav - Bhandardara Fireflies Festival Camping 2019
47,Kajwa mahotsav - Bhandardara Fireflies Festival Camping 2019
48,Kajwa mahotsav - Bhandardara Fireflies Festival Camping 2019
49,Kajwa mahotsav - Bhandardara Fireflies Festival Camping 2019
50,Kajwa mahotsav - Bhandardara Fireflies Festival Camping 2019
51,Kajwa mahotsav - Bhandardara Fireflies Festival Camping 2019
52,Kajwa mahotsav - Bhandardara Fireflies Festival Camping 2019
53,Kajwa mahotsav - Bhandardara Fireflies Festival Camping 2019
54,Kajwa mahotsav - Bhandardara Fireflies Festival Camping 2019
55,Kajwa mahotsav - Bhandardara Fireflies Festival Camping 2019
56,India International Fashion Jewellery & Accessories Show
57,India International Fashion Jewellery & Accessories Show
58,India International Fashion Jewellery & Accessories Show
59,India International Fashion Jewellery & Accessories Show
60,India International Fashion Jewellery & Accessories Show
61,India International Fashion Jewellery & Accessories Show
62,India International Fashion Jewellery & Accessories Show
63,India International Fashion Jewellery & Accessories Show
64,Vedic Maths at Manorama Nagar
65,Punesamachar Hindi News Portal
66,Kajwa Mahotsav 2019 / Fireflies Festival 2019
67,2nd International Conference on Pathology and Surgical Pathology
68,2nd International Conference on Pathology and Surgical Pathology
